Name,Brand,SKU,MPN,base_price,MSRP,Image
Tropical Fire Torch Stainless Steel | The Outdoor Plus,"<span itemprop=""name"">The Outdoor Plus</span>",OPT-TT13M-,,966.00,1063.00,https://cdn11.bigcommerce.com/s-h4x3egp9by/images/stencil/1280x1280/products/1518/31808/TT12-Tropical__98683.1599644583.jpg?c=2
Deck Post Mounting Plate | The Outdoor Plus,"<span itemprop=""name"">The Outdoor Plus</span>",OPT-TTDP,,124.00,137.00,https://cdn11.bigcommerce.com/s-h4x3egp9by/images/stencil/1280x1280/products/15019/31822/Top-Torch-Desk-Post-Anchor__27516.1599715080.jpg?c=2
Hawi Fire Torch Stainless Steel | The Outdoor Plus,"<span itemprop=""name"">The Outdoor Plus</span>",OPT-TT20M-,,704.00,775.00,https://cdn11.bigcommerce.com/s-h4x3egp9by/images/stencil/1280x1280/products/15006/31749/Hawi-Style-Fire-Torch__37425.1599564406.jpg?c=2
Pillar Mount,"<span itemprop=""name"">Tempest Torches</span>",94800826,,202.00,,https://cdn11.bigcommerce.com/s-h4x3egp9by/images/stencil/1280x1280/products/11115/20751/tempest-torch-mounting-pillar__46561.1575394866.jpg?c=2
In Ground Post,"<span itemprop=""name"">Tempest Torches</span>",94800813,,302.00,,https://cdn11.bigcommerce.com/s-h4x3egp9by/images/stencil/1280x1280/products/11116/47336/RockyMountainStove_3094_2021.07.13__46846__68974.1672779301.jpg?c=2
Tiki Torch Deck Mount | Fire By Design,"<span itemprop=""name"">Fire by Design</span>",TDM,,206.23,217.08,https://cdn11.bigcommerce.com/s-h4x3egp9by/images/stencil/1280x1280/products/19081/47007/FBD_Tiki_Torch_Deck_Mount_1_1024x10242x__95307.1667289223.jpg?c=2
Globe Fire Torch Stainless Steel | The Outdoor Plus,"<span itemprop=""name"">The Outdoor Plus</span>",OPT-TT2M-,,1182.00,1301.00,https://cdn11.bigcommerce.com/s-h4x3egp9by/images/stencil/1280x1280/products/15002/31718/TT2-Globe__09965.1599544860.jpg?c=2
Ellipse Fire Torch Stainless Steel | The Outdoor Plus,"<span itemprop=""name"">The Outdoor Plus</span>",OPT-TT1M-,,796.00,876.00,https://cdn11.bigcommerce.com/s-h4x3egp9by/images/stencil/1280x1280/products/15001/31715/TT1-Elipse_1__51360.1599542383.jpg?c=2
Coral Fire Torch Stainless Steel | The Outdoor Plus,"<span itemprop=""name"">The Outdoor Plus</span>",OPT-TT17M-,,704.00,775.00,https://cdn11.bigcommerce.com/s-h4x3egp9by/images/stencil/1280x1280/products/1378/31739/Coral-Style-Fire-Torch_1__81796.1599556602.jpg?c=2
Shooting Star Fire Torch Stainless Steel | The Outdoor Plus,"<span itemprop=""name"">The Outdoor Plus</span>",OPT-TT21M-,,704.00,775.00,https://cdn11.bigcommerce.com/s-h4x3egp9by/images/stencil/1280x1280/products/15007/31754/Shooting-Star-Style-Fire-Torch__56638.1599565679.jpg?c=2
Fire STIX Outdoor Ethanol Free Standing Fireplace | EcoSmart Fire,"<span itemprop=""name"">EcoSmart Fire</span>",ESF.O.STX,,1795.00 - 2645.00,,https://cdn11.bigcommerce.com/s-h4x3egp9by/images/stencil/1280x1280/products/2378/24653/ecosmart-fire-stix-portable-fire-pit-black-web__84960.1588806940.jpg?c=2
Roman Fire Torch Stainless Steel | The Outdoor Plus,"<span itemprop=""name"">The Outdoor Plus</span>",OPT-TT7M-,,1182.00,1301.00,https://cdn11.bigcommerce.com/s-h4x3egp9by/images/stencil/1280x1280/products/1190/31765/TT7-Roman__98862.1601118907.jpg?c=2
Post Cover Square Black,"<span itemprop=""name"">Tempest Torches</span>",94800827,,202.00,,https://cdn11.bigcommerce.com/s-h4x3egp9by/images/stencil/1280x1280/products/11117/47335/RockyMountainStove_3087_2021.07.13__81585__74838.1672753267.jpg?c=2
Tiki Fire Torch Stainless Steel | The Outdoor Plus,"<span itemprop=""name"">The Outdoor Plus</span>",OPT-TT25M-,,704.00,775.00,https://cdn11.bigcommerce.com/s-h4x3egp9by/images/stencil/1280x1280/products/15014/31801/Tiki-Style-Fire-Torch__50850.1599634007.jpg?c=2
Gulf Gas Tiki Torch | Fire By Design,"<span itemprop=""name"">Fire by Design</span>",GATTNG,,1695.84,1785.09,https://cdn11.bigcommerce.com/s-h4x3egp9by/images/stencil/1280x1280/products/19083/47017/gulf-tiki__54155.1667315577.jpg?c=2
Diamond Plate Fire Torch Stainless Steel | The Outdoor Plus,"<span itemprop=""name"">The Outdoor Plus</span>",OPT-TT18M-,,704.00,775.00,https://cdn11.bigcommerce.com/s-h4x3egp9by/images/stencil/1280x1280/products/15003/31741/Diamond-Plate-Style-Fire-Torch__24615.1599558630.jpg?c=2
Copper Cone Tiki Torch | Fire By Design,"<span itemprop=""name"">Fire by Design</span>",CCTTNG,,886.77,933.44,https://cdn11.bigcommerce.com/s-h4x3egp9by/images/stencil/1280x1280/products/19082/47011/copper-tiki__26729.1667294299.jpg?c=2
Nest Lantern - American Fyre Designs,"<span itemprop=""name"">American Fyre Designs</span>",715-XX-11-M1XC,,2760.00 - 4728.00,,https://cdn11.bigcommerce.com/s-h4x3egp9by/images/stencil/1280x1280/products/7594/16201/715-CB-11-V1xC__51980__36113.1574443584.jpg?c=2
Black Cone Tiki Torch | Fire By Design,"<span itemprop=""name"">Fire by Design</span>",BCTTNG,,933.85,983.00,https://cdn11.bigcommerce.com/s-h4x3egp9by/images/stencil/1280x1280/products/19078/46998/bctt-ls-b-04-20__10667.1667228708.jpg?c=2
Flower Fire Torch Stainless Steel | The Outdoor Plus,"<span itemprop=""name"">The Outdoor Plus</span>",OPT-TT8M-,,1182.00,1301.00,https://cdn11.bigcommerce.com/s-h4x3egp9by/images/stencil/1280x1280/products/154/31782/gfargfv__76434.1599627184.jpg?c=2
Hercules Fire Torch Stainless Steel | The Outdoor Plus,"<span itemprop=""name"">The Outdoor Plus</span>",OPT-TT5M-,,966.00,1063.00,https://cdn11.bigcommerce.com/s-h4x3egp9by/images/stencil/1280x1280/products/1195/47332/TT5-Hercules__45052__03162.1672296329.jpg?c=2
Urn Fire Torch Stainless Steel | The Outdoor Plus,"<span itemprop=""name"">The Outdoor Plus</span>",OPT-TT10M-,,1182.00,1301.00,https://cdn11.bigcommerce.com/s-h4x3egp9by/images/stencil/1280x1280/products/899/31790/TT10-Urn__59409.1599630956.jpg?c=2
Cubist Fire Torch Stainless Steel | The Outdoor Plus,"<span itemprop=""name"">The Outdoor Plus</span>",OPT-TT19M-,,704.00,775.00,https://cdn11.bigcommerce.com/s-h4x3egp9by/images/stencil/1280x1280/products/15005/31747/Cubist-Style-Fire-Torch__00285.1599562051.jpg?c=2
Coral Fire Torch Stainless Steel | The Outdoor Plus,"<span itemprop=""name"">The Outdoor Plus</span>",OPT-TT17M-,,704.00,775.00,https://cdn11.bigcommerce.com/s-h4x3egp9by/images/stencil/1280x1280/products/1378/31739/Coral-Style-Fire-Torch_1__81796.1599556602.jpg?c=2
24v Transformer,"<span itemprop=""name"">Tempest Torches</span>",94800830,,306.00,,https://cdn11.bigcommerce.com/s-h4x3egp9by/images/stencil/1280x1280/products/11104/47386/primary_image_standard__23696__47274.1673578219.jpg?c=2
Box Weave Fire Torch Stainless Steel | The Outdoor Plus,"<span itemprop=""name"">The Outdoor Plus</span>",OPT-TT16M-,,796.00,876.00,https://cdn11.bigcommerce.com/s-h4x3egp9by/images/stencil/1280x1280/products/918/31734/TT16-Box-Weave__73691.1599552082.jpg?c=2
Hercules Fire Torch Stainless Steel | The Outdoor Plus,"<span itemprop=""name"">The Outdoor Plus</span>",OPT-TT5M-,,966.00,1063.00,https://cdn11.bigcommerce.com/s-h4x3egp9by/images/stencil/1280x1280/products/1195/47332/TT5-Hercules__45052__03162.1672296329.jpg?c=2
Plumeria Gas Tiki Torch | Fire By Design,"<span itemprop=""name"">Fire by Design</span>",PTTNG,,1116.43,1175.19,https://cdn11.bigcommerce.com/s-h4x3egp9by/images/stencil/1280x1280/products/19088/47061/plumeria-tiki__23548.1667335333.jpg?c=2
TK Torch Complete Kit – Match Lit - HPC,"<span itemprop=""name"">HPC</span>",TK40MAN,,928.91 - 956.78,977.80 - 1007.14,https://cdn11.bigcommerce.com/s-h4x3egp9by/images/stencil/1280x1280/products/11259/47331/eauC-t4S__13147__50203.1672295253.jpg?c=2
Lantern Fire Torch Stainless Steel | The Outdoor Plus,"<span itemprop=""name"">The Outdoor Plus</span>",OPT-TT6M-,,966.00,1063.00,https://cdn11.bigcommerce.com/s-h4x3egp9by/images/stencil/1280x1280/products/608/31759/TT6-Lanter__53937.1599566797.jpg?c=2
Roman Fire Torch Stainless Steel | The Outdoor Plus,"<span itemprop=""name"">The Outdoor Plus</span>",OPT-TT7M-,,1182.00,1301.00,https://cdn11.bigcommerce.com/s-h4x3egp9by/images/stencil/1280x1280/products/1190/31765/TT7-Roman__98862.1601118907.jpg?c=2
Hawi Fire Torch Stainless Steel | The Outdoor Plus,"<span itemprop=""name"">The Outdoor Plus</span>",OPT-TT20M-,,704.00,775.00,https://cdn11.bigcommerce.com/s-h4x3egp9by/images/stencil/1280x1280/products/15006/31749/Hawi-Style-Fire-Torch__37425.1599564406.jpg?c=2
Post,"<span itemprop=""name"">Tempest Torches</span>",94800812,,288.00,,https://cdn11.bigcommerce.com/s-h4x3egp9by/images/stencil/1280x1280/products/19164/49810/94800812__51649.1718304544.jpg?c=2
Pillar Mount,"<span itemprop=""name"">Tempest Torches</span>",94800826,,202.00,,https://cdn11.bigcommerce.com/s-h4x3egp9by/images/stencil/1280x1280/products/11115/20751/tempest-torch-mounting-pillar__46561.1575394866.jpg?c=2
Ellipse Fire Torch Stainless Steel | The Outdoor Plus,"<span itemprop=""name"">The Outdoor Plus</span>",OPT-TT1M-,,796.00,876.00,https://cdn11.bigcommerce.com/s-h4x3egp9by/images/stencil/1280x1280/products/15001/31715/TT1-Elipse_1__51360.1599542383.jpg?c=2
Honeycomb Fire Torch Stainless Steel | The Outdoor Plus,"<span itemprop=""name"">The Outdoor Plus</span>",OPT-TT14M-,,796.00,876.00,https://cdn11.bigcommerce.com/s-h4x3egp9by/images/stencil/1280x1280/products/283/31725/TT14-Honeycomb__49283.1599547822.jpg?c=2
Nest Lantern - American Fyre Designs,"<span itemprop=""name"">American Fyre Designs</span>",715-XX-11-M1XC,,2760.00 - 4728.00,,https://cdn11.bigcommerce.com/s-h4x3egp9by/images/stencil/1280x1280/products/7594/16201/715-CB-11-V1xC__51980__36113.1574443584.jpg?c=2
Black Cone Tiki Torch | Fire By Design,"<span itemprop=""name"">Fire by Design</span>",BCTTNG,,933.85,983.00,https://cdn11.bigcommerce.com/s-h4x3egp9by/images/stencil/1280x1280/products/19078/46998/bctt-ls-b-04-20__10667.1667228708.jpg?c=2
Tiki Torch Deck Mount | Fire By Design,"<span itemprop=""name"">Fire by Design</span>",TDM,,206.23,217.08,https://cdn11.bigcommerce.com/s-h4x3egp9by/images/stencil/1280x1280/products/19081/47007/FBD_Tiki_Torch_Deck_Mount_1_1024x10242x__95307.1667289223.jpg?c=2
TK Torch Head – Match Lit - HPC,"<span itemprop=""name"">HPC</span>",TKHEAD40MAN,,637.48 - 656.61,671.03 - 691.17,https://cdn11.bigcommerce.com/s-h4x3egp9by/images/stencil/1280x1280/products/11261/21794/CGaMC9US__94843.1577732006.jpg?c=2
Deck Mount,"<span itemprop=""name"">Tempest Torches</span>",94800821,,228.00,,https://cdn11.bigcommerce.com/s-h4x3egp9by/images/stencil/1280x1280/products/19799/49812/94800821__23263.1718304866.jpg?c=2
Tropical Fire Torch Stainless Steel | The Outdoor Plus,"<span itemprop=""name"">The Outdoor Plus</span>",OPT-TT13M-,,966.00,1063.00,https://cdn11.bigcommerce.com/s-h4x3egp9by/images/stencil/1280x1280/products/1518/31808/TT12-Tropical__98683.1599644583.jpg?c=2
Vent Fire Torch Stainless Steel | The Outdoor Plus,"<span itemprop=""name"">The Outdoor Plus</span>",OPT-TT4M-,,796.00,876.00,https://cdn11.bigcommerce.com/s-h4x3egp9by/images/stencil/1280x1280/products/124/31731/TT4-vent__31998.1599550080.jpg?c=2
Cubist Fire Torch Stainless Steel | The Outdoor Plus,"<span itemprop=""name"">The Outdoor Plus</span>",OPT-TT19M-,,704.00,775.00,https://cdn11.bigcommerce.com/s-h4x3egp9by/images/stencil/1280x1280/products/15005/31747/Cubist-Style-Fire-Torch__00285.1599562051.jpg?c=2
Copper Cone Tiki Torch | Fire By Design,"<span itemprop=""name"">Fire by Design</span>",CCTTNG,,886.77,933.44,https://cdn11.bigcommerce.com/s-h4x3egp9by/images/stencil/1280x1280/products/19082/47011/copper-tiki__26729.1667294299.jpg?c=2
Wall Mount 20K Tempest Torch,"<span itemprop=""name"">Tempest Torches</span>",94800825,,414.00,,https://cdn11.bigcommerce.com/s-h4x3egp9by/images/stencil/1280x1280/products/11114/20749/tempest-torch-mounting-wall__94910.1575312422.jpg?c=2
Post Cover Square Black,"<span itemprop=""name"">Tempest Torches</span>",94800827,,202.00,,https://cdn11.bigcommerce.com/s-h4x3egp9by/images/stencil/1280x1280/products/11117/47335/RockyMountainStove_3087_2021.07.13__81585__74838.1672753267.jpg?c=2
Deck Post Mounting Plate | The Outdoor Plus,"<span itemprop=""name"">The Outdoor Plus</span>",OPT-TTDP,,124.00,137.00,https://cdn11.bigcommerce.com/s-h4x3egp9by/images/stencil/1280x1280/products/15019/31822/Top-Torch-Desk-Post-Anchor__27516.1599715080.jpg?c=2
Diamond Plate Fire Torch Stainless Steel | The Outdoor Plus,"<span itemprop=""name"">The Outdoor Plus</span>",OPT-TT18M-,,704.00,775.00,https://cdn11.bigcommerce.com/s-h4x3egp9by/images/stencil/1280x1280/products/15003/31741/Diamond-Plate-Style-Fire-Torch__24615.1599558630.jpg?c=2
Globe Fire Torch Stainless Steel | The Outdoor Plus,"<span itemprop=""name"">The Outdoor Plus</span>",OPT-TT2M-,,1182.00,1301.00,https://cdn11.bigcommerce.com/s-h4x3egp9by/images/stencil/1280x1280/products/15002/31718/TT2-Globe__09965.1599544860.jpg?c=2
Gothic Fire Torch Stainless Steel | The Outdoor Plus,"<span itemprop=""name"">The Outdoor Plus</span>",OPT-TT11M-,,966.00,1063.00,https://cdn11.bigcommerce.com/s-h4x3egp9by/images/stencil/1280x1280/products/291/31796/TT11-Gothic__02343.1599631694.jpg?c=2
24v Transformer,"<span itemprop=""name"">Tempest Torches</span>",94800830,,306.00,,https://cdn11.bigcommerce.com/s-h4x3egp9by/images/stencil/1280x1280/products/11104/47386/primary_image_standard__23696__47274.1673578219.jpg?c=2
20K Tempest Torch,"<span itemprop=""name"">Tempest Torches</span>",949007,,1096.00 - 1834.00,,https://cdn11.bigcommerce.com/s-h4x3egp9by/images/stencil/1280x1280/products/1649/20766/tempest-torch-main-web__38343.1673478405.jpg?c=2
Fire STIX Outdoor Ethanol Free Standing Fireplace | EcoSmart Fire,"<span itemprop=""name"">EcoSmart Fire</span>",ESF.O.STX,ESF.O.STX,1795.00 - 2645.00,,https://cdn11.bigcommerce.com/s-h4x3egp9by/images/stencil/1280x1280/products/2378/24653/ecosmart-fire-stix-portable-fire-pit-black-web__84960.1588806940.jpg?c=2
Wall Mount 50K Tempest Lantern,"<span itemprop=""name"">Tempest Torches</span>",94800832,94800832,411.00,468.00,https://cdn11.bigcommerce.com/s-h4x3egp9by/images/stencil/1280x1280/products/19160/47379/Wall_Mount_50k_Tempest_Lantern__46028.1673306110.jpg?c=2
Bird of Paradise Gas Tiki Torch | Fire By Design,"<span itemprop=""name"">Fire by Design</span>",BOPTTNG,BOPTTNG,1116.43,1175.19,https://cdn11.bigcommerce.com/s-h4x3egp9by/images/stencil/1280x1280/products/19086/47043/bop-tiki__85471.1667324420.jpg?c=2
In Ground Post,"<span itemprop=""name"">Tempest Torches</span>",94800813,94800813,302.00,,https://cdn11.bigcommerce.com/s-h4x3egp9by/images/stencil/1280x1280/products/11116/47336/RockyMountainStove_3094_2021.07.13__46846__68974.1672779301.jpg?c=2
Flower Fire Torch Stainless Steel | The Outdoor Plus,"<span itemprop=""name"">The Outdoor Plus</span>",OPT-TT8M-,OPT-TT8M-,1182.00,1301.00,https://cdn11.bigcommerce.com/s-h4x3egp9by/images/stencil/1280x1280/products/154/31782/gfargfv__76434.1599627184.jpg?c=2
Plumeria Gas Tiki Torch | Fire By Design,"<span itemprop=""name"">Fire by Design</span>",PTTNG,PTTNG,1116.43,1175.19,https://cdn11.bigcommerce.com/s-h4x3egp9by/images/stencil/1280x1280/products/19088/47061/plumeria-tiki__23548.1667335333.jpg?c=2
Roman Fire Torch Stainless Steel | The Outdoor Plus,"<span itemprop=""name"">The Outdoor Plus</span>",OPT-TT7M-,OPT-TT7M-,1182.00,1301.00,https://cdn11.bigcommerce.com/s-h4x3egp9by/images/stencil/1280x1280/products/1190/31765/TT7-Roman__98862.1601118907.jpg?c=2
Tulip Gas Tiki Torch | Fire By Design,"<span itemprop=""name"">Fire by Design</span>",TATTNG,TATTNG,2127.48,,https://cdn11.bigcommerce.com/s-h4x3egp9by/images/stencil/1280x1280/products/19085/47036/tulip-tiki__41647.1667322086.jpg?c=2
Ellipse Fire Torch Stainless Steel | The Outdoor Plus,"<span itemprop=""name"">The Outdoor Plus</span>",OPT-TT1M-,OPT-TT1M-,796.00,876.00,https://cdn11.bigcommerce.com/s-h4x3egp9by/images/stencil/1280x1280/products/15001/31715/TT1-Elipse_1__51360.1599542383.jpg?c=2
Shotgun Fire Torch Stainless Steel | The Outdoor Plus,"<span itemprop=""name"">The Outdoor Plus</span>",OPT-TT22M-,OPT-TT22M-,704.00,775.00,https://cdn11.bigcommerce.com/s-h4x3egp9by/images/stencil/1280x1280/products/15008/31760/Shotgun-Blast-Style-Fire-Torch__30589.1599567298.jpg?c=2
Copper Cone Tiki Torch | Fire By Design,"<span itemprop=""name"">Fire by Design</span>",CCTTNG,CCTTNG,886.77,933.44,https://cdn11.bigcommerce.com/s-h4x3egp9by/images/stencil/1280x1280/products/19082/47011/copper-tiki__26729.1667294299.jpg?c=2
Hawi Fire Torch Stainless Steel | The Outdoor Plus,"<span itemprop=""name"">The Outdoor Plus</span>",OPT-TT20M-,OPT-TT20M-,704.00,775.00,https://cdn11.bigcommerce.com/s-h4x3egp9by/images/stencil/1280x1280/products/15006/31749/Hawi-Style-Fire-Torch__37425.1599564406.jpg?c=2
Nest Lantern - American Fyre Designs,"<span itemprop=""name"">American Fyre Designs</span>",715-XX-11-M1XC,715-XX-11-M1XC,2760.00 - 4728.00,,https://cdn11.bigcommerce.com/s-h4x3egp9by/images/stencil/1280x1280/products/7594/16201/715-CB-11-V1xC__51980__36113.1574443584.jpg?c=2
Shooting Star Fire Torch Stainless Steel | The Outdoor Plus,"<span itemprop=""name"">The Outdoor Plus</span>",OPT-TT21M-,OPT-TT21M-,704.00,775.00,https://cdn11.bigcommerce.com/s-h4x3egp9by/images/stencil/1280x1280/products/15007/31754/Shooting-Star-Style-Fire-Torch__56638.1599565679.jpg?c=2
TK Torch Complete Kit – Match Lit - HPC,"<span itemprop=""name"">HPC</span>",TK40MAN,TK40MAN,928.91 - 956.78,977.80 - 1007.14,https://cdn11.bigcommerce.com/s-h4x3egp9by/images/stencil/1280x1280/products/11259/47331/eauC-t4S__13147__50203.1672295253.jpg?c=2
Black Aluminum Powder Coated Torch Pole  | Fire By Design,"<span itemprop=""name"">Fire by Design</span>",APC,APC,270.49,284.73,https://cdn11.bigcommerce.com/s-h4x3egp9by/images/stencil/1280x1280/products/19079/47333/Untitled__72607__21817.1672309888.jpg?c=2
Tropical Fire Torch Stainless Steel | The Outdoor Plus,"<span itemprop=""name"">The Outdoor Plus</span>",OPT-TT13M-,OPT-TT13M-,966.00,1063.00,https://cdn11.bigcommerce.com/s-h4x3egp9by/images/stencil/1280x1280/products/1518/31808/TT12-Tropical__98683.1599644583.jpg?c=2
Hercules Fire Torch Stainless Steel | The Outdoor Plus,"<span itemprop=""name"">The Outdoor Plus</span>",OPT-TT5M-,OPT-TT5M-,966.00,1063.00,https://cdn11.bigcommerce.com/s-h4x3egp9by/images/stencil/1280x1280/products/1195/47332/TT5-Hercules__45052__03162.1672296329.jpg?c=2
20K Tempest Torch,"<span itemprop=""name"">Tempest Torches</span>",949007,949007,1096.00 - 1834.00,,https://cdn11.bigcommerce.com/s-h4x3egp9by/images/stencil/1280x1280/products/1649/20766/tempest-torch-main-web__38343.1673478405.jpg?c=2
Honeycomb Fire Torch Stainless Steel | The Outdoor Plus,"<span itemprop=""name"">The Outdoor Plus</span>",OPT-TT14M-,OPT-TT14M-,796.00,876.00,https://cdn11.bigcommerce.com/s-h4x3egp9by/images/stencil/1280x1280/products/283/31725/TT14-Honeycomb__49283.1599547822.jpg?c=2
Wall Mount 20K Tempest Lantern,"<span itemprop=""name"">Tempest Torches</span>",94800831,94800831,454.00,,https://cdn11.bigcommerce.com/s-h4x3egp9by/images/stencil/1280x1280/products/15088/47380/Wall-Mount-20k-Tempest-Lantern__14921.1673308452.jpg?c=2
24v Transformer,"<span itemprop=""name"">Tempest Torches</span>",94800830,94800830,306.00,,https://cdn11.bigcommerce.com/s-h4x3egp9by/images/stencil/1280x1280/products/11104/47386/primary_image_standard__23696__47274.1673578219.jpg?c=2
Black Aluminum Powder Coated Torch Pole  | Fire By Design,"<span itemprop=""name"">Fire by Design</span>",APC,APC,270.49,284.73,https://cdn11.bigcommerce.com/s-h4x3egp9by/images/stencil/1280x1280/products/19079/47333/Untitled__72607__21817.1672309888.jpg?c=2
Plumeria Gas Tiki Torch | Fire By Design,"<span itemprop=""name"">Fire by Design</span>",PTTNG,PTTNG,1116.43,1175.19,https://cdn11.bigcommerce.com/s-h4x3egp9by/images/stencil/1280x1280/products/19088/47061/plumeria-tiki__23548.1667335333.jpg?c=2
Vent Fire Torch Stainless Steel | The Outdoor Plus,"<span itemprop=""name"">The Outdoor Plus</span>",OPT-TT4M-,OPT-TT4M-,796.00,876.00,https://cdn11.bigcommerce.com/s-h4x3egp9by/images/stencil/1280x1280/products/124/31731/TT4-vent__31998.1599550080.jpg?c=2
Wall Mount 50K Tempest Lantern,"<span itemprop=""name"">Tempest Torches</span>",94800832,94800832,411.00,468.00,https://cdn11.bigcommerce.com/s-h4x3egp9by/images/stencil/1280x1280/products/19160/47379/Wall_Mount_50k_Tempest_Lantern__46028.1673306110.jpg?c=2
Tiki Torch Deck Mount | Fire By Design,"<span itemprop=""name"">Fire by Design</span>",TDM,TDM,206.23,217.08,https://cdn11.bigcommerce.com/s-h4x3egp9by/images/stencil/1280x1280/products/19081/47007/FBD_Tiki_Torch_Deck_Mount_1_1024x10242x__95307.1667289223.jpg?c=2
20K Tempest Lantern,"<span itemprop=""name"">Tempest Torches</span>",949007x6,949007x6,1526.00,,https://cdn11.bigcommerce.com/s-h4x3egp9by/images/stencil/1280x1280/products/15096/32164/tempest-lantern-gas-torch-wall-mount-web__84959.1600137066.1280.1280__07933.1672786133.jpg?c=2
Deck Mount,"<span itemprop=""name"">Tempest Torches</span>",94800821,94800821,228.00,,https://cdn11.bigcommerce.com/s-h4x3egp9by/images/stencil/1280x1280/products/19799/49812/94800821__23263.1718304866.jpg?c=2
Deck Mount,"<span itemprop=""name"">Tempest Torches</span>",94800821,94800821,228.00,,https://cdn11.bigcommerce.com/s-h4x3egp9by/images/stencil/1280x1280/products/19799/49812/94800821__23263.1718304866.jpg?c=2
Shooting Star Fire Torch Stainless Steel | The Outdoor Plus,"<span itemprop=""name"">The Outdoor Plus</span>",OPT-TT21M-,OPT-TT21M-,704.00,775.00,https://cdn11.bigcommerce.com/s-h4x3egp9by/images/stencil/1280x1280/products/15007/31754/Shooting-Star-Style-Fire-Torch__56638.1599565679.jpg?c=2
Black Aluminum Powder Coated Torch Pole  | Fire By Design,"<span itemprop=""name"">Fire by Design</span>",APC,APC,270.49,284.73,https://cdn11.bigcommerce.com/s-h4x3egp9by/images/stencil/1280x1280/products/19079/47333/Untitled__72607__21817.1672309888.jpg?c=2
Wall Mount 20K Tempest Torch,"<span itemprop=""name"">Tempest Torches</span>",94800825,94800825,414.00,,https://cdn11.bigcommerce.com/s-h4x3egp9by/images/stencil/1280x1280/products/11114/20749/tempest-torch-mounting-wall__94910.1575312422.jpg?c=2
20K Tempest Torch,"<span itemprop=""name"">Tempest Torches</span>",949007,949007,1096.00 - 1834.00,,https://cdn11.bigcommerce.com/s-h4x3egp9by/images/stencil/1280x1280/products/1649/20766/tempest-torch-main-web__38343.1673478405.jpg?c=2
Lantern Fire Torch Stainless Steel | The Outdoor Plus,"<span itemprop=""name"">The Outdoor Plus</span>",OPT-TT6M-,OPT-TT6M-,966.00,1063.00,https://cdn11.bigcommerce.com/s-h4x3egp9by/images/stencil/1280x1280/products/608/31759/TT6-Lanter__53937.1599566797.jpg?c=2
TK Torch Head – Match Lit - HPC,"<span itemprop=""name"">HPC</span>",TKHEAD40MAN,TKHEAD40MAN,637.48 - 656.61,671.03 - 691.17,https://cdn11.bigcommerce.com/s-h4x3egp9by/images/stencil/1280x1280/products/11261/21794/CGaMC9US__94843.1577732006.jpg?c=2
Shooting Star Fire Torch Stainless Steel | The Outdoor Plus,"<span itemprop=""name"">The Outdoor Plus</span>",OPT-TT21M-,OPT-TT21M-,704.00,775.00,https://cdn11.bigcommerce.com/s-h4x3egp9by/images/stencil/1280x1280/products/15007/31754/Shooting-Star-Style-Fire-Torch__56638.1599565679.jpg?c=2
Tiki Torch Deck Mount | Fire By Design,"<span itemprop=""name"">Fire by Design</span>",TDM,TDM,206.23,217.08,https://cdn11.bigcommerce.com/s-h4x3egp9by/images/stencil/1280x1280/products/19081/47007/FBD_Tiki_Torch_Deck_Mount_1_1024x10242x__95307.1667289223.jpg?c=2
Diamond Plate Fire Torch Stainless Steel | The Outdoor Plus,"<span itemprop=""name"">The Outdoor Plus</span>",OPT-TT18M-,OPT-TT18M-,704.00,775.00,https://cdn11.bigcommerce.com/s-h4x3egp9by/images/stencil/1280x1280/products/15003/31741/Diamond-Plate-Style-Fire-Torch__24615.1599558630.jpg?c=2
Deck Post Mounting Plate | The Outdoor Plus,"<span itemprop=""name"">The Outdoor Plus</span>",OPT-TTDP,OPT-TTDP,124.00,137.00,https://cdn11.bigcommerce.com/s-h4x3egp9by/images/stencil/1280x1280/products/15019/31822/Top-Torch-Desk-Post-Anchor__27516.1599715080.jpg?c=2
Post,"<span itemprop=""name"">Tempest Torches</span>",94800812,94800812,288.00,,https://cdn11.bigcommerce.com/s-h4x3egp9by/images/stencil/1280x1280/products/19164/49810/94800812__51649.1718304544.jpg?c=2
Post Cover Square Black,"<span itemprop=""name"">Tempest Torches</span>",94800827,94800827,202.00,,https://cdn11.bigcommerce.com/s-h4x3egp9by/images/stencil/1280x1280/products/11117/47335/RockyMountainStove_3087_2021.07.13__81585__74838.1672753267.jpg?c=2
Bamboo Gas Tiki Torch | Fire By Design,"<span itemprop=""name"">Fire by Design</span>",BTTNG,BTTNG,1116.43,1175.19,https://cdn11.bigcommerce.com/s-h4x3egp9by/images/stencil/1280x1280/products/19087/47053/bamboo-tiki__72477.1667327435.jpg?c=2
Plumeria Gas Tiki Torch | Fire By Design,"<span itemprop=""name"">Fire by Design</span>",PTTNG,PTTNG,1116.43,1175.19,https://cdn11.bigcommerce.com/s-h4x3egp9by/images/stencil/1280x1280/products/19088/47061/plumeria-tiki__23548.1667335333.jpg?c=2
20K Tempest Lantern,"<span itemprop=""name"">Tempest Torches</span>",949007x6,949007x6,1526.00,,https://cdn11.bigcommerce.com/s-h4x3egp9by/images/stencil/1280x1280/products/15096/32164/tempest-lantern-gas-torch-wall-mount-web__84959.1600137066.1280.1280__07933.1672786133.jpg?c=2
Bird of Paradise Gas Tiki Torch | Fire By Design,"<span itemprop=""name"">Fire by Design</span>",BOPTTNG,BOPTTNG,1116.43,1175.19,https://cdn11.bigcommerce.com/s-h4x3egp9by/images/stencil/1280x1280/products/19086/47043/bop-tiki__85471.1667324420.jpg?c=2
Cubist Fire Torch Stainless Steel | The Outdoor Plus,"<span itemprop=""name"">The Outdoor Plus</span>",OPT-TT19M-,OPT-TT19M-,704.00,775.00,https://cdn11.bigcommerce.com/s-h4x3egp9by/images/stencil/1280x1280/products/15005/31747/Cubist-Style-Fire-Torch__00285.1599562051.jpg?c=2
Globe Fire Torch Stainless Steel | The Outdoor Plus,"<span itemprop=""name"">The Outdoor Plus</span>",OPT-TT2M-,OPT-TT2M-,1182.00,1301.00,https://cdn11.bigcommerce.com/s-h4x3egp9by/images/stencil/1280x1280/products/15002/31718/TT2-Globe__09965.1599544860.jpg?c=2
Vent Fire Torch Stainless Steel | The Outdoor Plus,"<span itemprop=""name"">The Outdoor Plus</span>",OPT-TT4M-,OPT-TT4M-,796.00,876.00,https://cdn11.bigcommerce.com/s-h4x3egp9by/images/stencil/1280x1280/products/124/31731/TT4-vent__31998.1599550080.jpg?c=2
Wall Mount 20K Tempest Lantern,"<span itemprop=""name"">Tempest Torches</span>",94800831,94800831,454.00,,https://cdn11.bigcommerce.com/s-h4x3egp9by/images/stencil/1280x1280/products/15088/47380/Wall-Mount-20k-Tempest-Lantern__14921.1673308452.jpg?c=2
Tropical Fire Torch Stainless Steel | The Outdoor Plus,"<span itemprop=""name"">The Outdoor Plus</span>",OPT-TT13M-,OPT-TT13M-,966.00,1063.00,https://cdn11.bigcommerce.com/s-h4x3egp9by/images/stencil/1280x1280/products/1518/31808/TT12-Tropical__98683.1599644583.jpg?c=2
Gulf Gas Tiki Torch | Fire By Design,"<span itemprop=""name"">Fire by Design</span>",GATTNG,GATTNG,1695.84,1785.09,https://cdn11.bigcommerce.com/s-h4x3egp9by/images/stencil/1280x1280/products/19083/47017/gulf-tiki__54155.1667315577.jpg?c=2
Torjan Fire Torch Stainless Steel | The Outdoor Plus,"<span itemprop=""name"">The Outdoor Plus</span>",OPT-TT3M-,OPT-TT3M-,966.00,1063.00,https://cdn11.bigcommerce.com/s-h4x3egp9by/images/stencil/1280x1280/products/221/31721/TT3-Trojan__36418.1599547257.jpg?c=2
Sunshine Fire Torch Stainless Steel | The Outdoor Plus,"<span itemprop=""name"">The Outdoor Plus</span>",OPT-TT23M-,OPT-TT23M-,704.00,775.00,https://cdn11.bigcommerce.com/s-h4x3egp9by/images/stencil/1280x1280/products/15012/31792/Sunshine-Style-Fire-Torch_1__00785.1599631377.jpg?c=2
Nest Lantern - American Fyre Designs,"<span itemprop=""name"">American Fyre Designs</span>",715-XX-11-M1XC,715-XX-11-M1XC,2760.00 - 4728.00,,https://cdn11.bigcommerce.com/s-h4x3egp9by/images/stencil/1280x1280/products/7594/16201/715-CB-11-V1xC__51980__36113.1574443584.jpg?c=2
In Ground Post,"<span itemprop=""name"">Tempest Torches</span>",94800813,94800813,302.00,,https://cdn11.bigcommerce.com/s-h4x3egp9by/images/stencil/1280x1280/products/11116/47336/RockyMountainStove_3094_2021.07.13__46846__68974.1672779301.jpg?c=2
Fire STIX Outdoor Ethanol Free Standing Fireplace | EcoSmart Fire,"<span itemprop=""name"">EcoSmart Fire</span>",ESF.O.STX,ESF.O.STX,1795.00 - 2645.00,,https://cdn11.bigcommerce.com/s-h4x3egp9by/images/stencil/1280x1280/products/2378/24653/ecosmart-fire-stix-portable-fire-pit-black-web__84960.1588806940.jpg?c=2
Tiki Fire Torch Stainless Steel | The Outdoor Plus,"<span itemprop=""name"">The Outdoor Plus</span>",OPT-TT25M-,OPT-TT25M-,704.00,775.00,https://cdn11.bigcommerce.com/s-h4x3egp9by/images/stencil/1280x1280/products/15014/31801/Tiki-Style-Fire-Torch__50850.1599634007.jpg?c=2
Spiral Fire Torch Stainless Steel | The Outdoor Plus,"<span itemprop=""name"">The Outdoor Plus</span>",OPT-TT12M-,OPT-TT12M-,796.00,876.00,https://cdn11.bigcommerce.com/s-h4x3egp9by/images/stencil/1280x1280/products/183/31805/TT13-Spiral_1__95483.1599638291.jpg?c=2
Flower Fire Torch Stainless Steel | The Outdoor Plus,"<span itemprop=""name"">The Outdoor Plus</span>",OPT-TT8M-,OPT-TT8M-,1182.00,1301.00,https://cdn11.bigcommerce.com/s-h4x3egp9by/images/stencil/1280x1280/products/154/31782/gfargfv__76434.1599627184.jpg?c=2
24v Transformer,"<span itemprop=""name"">Tempest Torches</span>",94800830,94800830,306.00,,https://cdn11.bigcommerce.com/s-h4x3egp9by/images/stencil/1280x1280/products/11104/47386/primary_image_standard__23696__47274.1673578219.jpg?c=2
Hawi Fire Torch Stainless Steel | The Outdoor Plus,"<span itemprop=""name"">The Outdoor Plus</span>",OPT-TT20M-,OPT-TT20M-,704.00,775.00,https://cdn11.bigcommerce.com/s-h4x3egp9by/images/stencil/1280x1280/products/15006/31749/Hawi-Style-Fire-Torch__37425.1599564406.jpg?c=2
TK Torch Complete Kit – Match Lit - HPC,"<span itemprop=""name"">HPC</span>",TK40MAN,TK40MAN,928.91 - 956.78,977.80 - 1007.14,https://cdn11.bigcommerce.com/s-h4x3egp9by/images/stencil/1280x1280/products/11259/47331/eauC-t4S__13147__50203.1672295253.jpg?c=2
Copper Cone Tiki Torch | Fire By Design,"<span itemprop=""name"">Fire by Design</span>",CCTTNG,CCTTNG,886.77,933.44,https://cdn11.bigcommerce.com/s-h4x3egp9by/images/stencil/1280x1280/products/19082/47011/copper-tiki__26729.1667294299.jpg?c=2
Pillar Mount,"<span itemprop=""name"">Tempest Torches</span>",94800826,94800826,202.00,,https://cdn11.bigcommerce.com/s-h4x3egp9by/images/stencil/1280x1280/products/11115/20751/tempest-torch-mounting-pillar__46561.1575394866.jpg?c=2
Havana Fire Torch Stainless Steel | The Outdoor Plus,"<span itemprop=""name"">The Outdoor Plus</span>",OPT-TT15M-,OPT-TT15M-,796.00,876.00,https://cdn11.bigcommerce.com/s-h4x3egp9by/images/stencil/1280x1280/products/128/31727/TT15-Havana_1__49969.1599549145.jpg?c=2
Tangled Fire Torch Stainless Steel | The Outdoor Plus,"<span itemprop=""name"">The Outdoor Plus</span>",OPT-TT24M-,OPT-TT24M-,704.00,775.00,https://cdn11.bigcommerce.com/s-h4x3egp9by/images/stencil/1280x1280/products/15013/31798/Tangled-Style-Fire-Torch__29830.1599632711.jpg?c=2
Coral Fire Torch Stainless Steel | The Outdoor Plus,"<span itemprop=""name"">The Outdoor Plus</span>",OPT-TT17M-,OPT-TT17M-,704.00,775.00,https://cdn11.bigcommerce.com/s-h4x3egp9by/images/stencil/1280x1280/products/1378/31739/Coral-Style-Fire-Torch_1__81796.1599556602.jpg?c=2
Honeycomb Fire Torch Stainless Steel | The Outdoor Plus,"<span itemprop=""name"">The Outdoor Plus</span>",OPT-TT14M-,OPT-TT14M-,796.00,876.00,https://cdn11.bigcommerce.com/s-h4x3egp9by/images/stencil/1280x1280/products/283/31725/TT14-Honeycomb__49283.1599547822.jpg?c=2
Gothic Fire Torch Stainless Steel | The Outdoor Plus,"<span itemprop=""name"">The Outdoor Plus</span>",OPT-TT11M-,OPT-TT11M-,966.00,1063.00,https://cdn11.bigcommerce.com/s-h4x3egp9by/images/stencil/1280x1280/products/291/31796/TT11-Gothic__02343.1599631694.jpg?c=2
Shotgun Fire Torch Stainless Steel | The Outdoor Plus,"<span itemprop=""name"">The Outdoor Plus</span>",OPT-TT22M-,OPT-TT22M-,704.00,775.00,https://cdn11.bigcommerce.com/s-h4x3egp9by/images/stencil/1280x1280/products/15008/31760/Shotgun-Blast-Style-Fire-Torch__30589.1599567298.jpg?c=2
Basket Fire Torch Stainless Steel | The Outdoor Plus,"<span itemprop=""name"">The Outdoor Plus</span>",OPT-TT9M-,OPT-TT9M-,966.00,1063.00,https://cdn11.bigcommerce.com/s-h4x3egp9by/images/stencil/1280x1280/products/1228/31787/TT9-Basket__44335.1599629969.jpg?c=2
Roman Fire Torch Stainless Steel | The Outdoor Plus,"<span itemprop=""name"">The Outdoor Plus</span>",OPT-TT7M-,OPT-TT7M-,1182.00,1301.00,https://cdn11.bigcommerce.com/s-h4x3egp9by/images/stencil/1280x1280/products/1190/31765/TT7-Roman__98862.1601118907.jpg?c=2
Wall Mount 50K Tempest Lantern,"<span itemprop=""name"">Tempest Torches</span>",94800832,94800832,411.00,468.00,https://cdn11.bigcommerce.com/s-h4x3egp9by/images/stencil/1280x1280/products/19160/47379/Wall_Mount_50k_Tempest_Lantern__46028.1673306110.jpg?c=2
Hercules Fire Torch Stainless Steel | The Outdoor Plus,"<span itemprop=""name"">The Outdoor Plus</span>",OPT-TT5M-,OPT-TT5M-,966.00,1063.00,https://cdn11.bigcommerce.com/s-h4x3egp9by/images/stencil/1280x1280/products/1195/47332/TT5-Hercules__45052__03162.1672296329.jpg?c=2
Box Weave Fire Torch Stainless Steel | The Outdoor Plus,"<span itemprop=""name"">The Outdoor Plus</span>",OPT-TT16M-,OPT-TT16M-,796.00,876.00,https://cdn11.bigcommerce.com/s-h4x3egp9by/images/stencil/1280x1280/products/918/31734/TT16-Box-Weave__73691.1599552082.jpg?c=2
Urn Fire Torch Stainless Steel | The Outdoor Plus,"<span itemprop=""name"">The Outdoor Plus</span>",OPT-TT10M-,OPT-TT10M-,1182.00,1301.00,https://cdn11.bigcommerce.com/s-h4x3egp9by/images/stencil/1280x1280/products/899/31790/TT10-Urn__59409.1599630956.jpg?c=2
Malumai Gas Tiki Torch | Fire By Design,"<span itemprop=""name"">Fire by Design</span>",MATTNG,MATTNG,2322.48,2444.72,https://cdn11.bigcommerce.com/s-h4x3egp9by/images/stencil/1280x1280/products/19084/47027/malumai-tiki__87005.1667320262.jpg?c=2
Deck Mount,"<span itemprop=""name"">Tempest Torches</span>",94800821,94800821,228.00,,https://cdn11.bigcommerce.com/s-h4x3egp9by/images/stencil/1280x1280/products/19799/49812/94800821__23263.1718304866.jpg?c=2
Ellipse Fire Torch Stainless Steel | The Outdoor Plus,"<span itemprop=""name"">The Outdoor Plus</span>",OPT-TT1M-,OPT-TT1M-,796.00,876.00,https://cdn11.bigcommerce.com/s-h4x3egp9by/images/stencil/1280x1280/products/15001/31715/TT1-Elipse_1__51360.1599542383.jpg?c=2
Tulip Gas Tiki Torch | Fire By Design,"<span itemprop=""name"">Fire by Design</span>",TATTNG,TATTNG,2127.48,,https://cdn11.bigcommerce.com/s-h4x3egp9by/images/stencil/1280x1280/products/19085/47036/tulip-tiki__41647.1667322086.jpg?c=2
Black Cone Tiki Torch | Fire By Design,"<span itemprop=""name"">Fire by Design</span>",BCTTNG,BCTTNG,933.85,983.00,https://cdn11.bigcommerce.com/s-h4x3egp9by/images/stencil/1280x1280/products/19078/46998/bctt-ls-b-04-20__10667.1667228708.jpg?c=2
Havana Fire Torch Stainless Steel | The Outdoor Plus,"<span itemprop=""name"">The Outdoor Plus</span>",OPT-TT15M-,OPT-TT15M-,796.00,876.00,https://cdn11.bigcommerce.com/s-h4x3egp9by/images/stencil/1280x1280/products/128/31727/TT15-Havana_1__49969.1599549145.jpg?c=2
Roman Fire Torch Stainless Steel | The Outdoor Plus,"<span itemprop=""name"">The Outdoor Plus</span>",OPT-TT7M-,OPT-TT7M-,1182.00,1301.00,https://cdn11.bigcommerce.com/s-h4x3egp9by/images/stencil/1280x1280/products/1190/31765/TT7-Roman__98862.1601118907.jpg?c=2
Basket Fire Torch Stainless Steel | The Outdoor Plus,"<span itemprop=""name"">The Outdoor Plus</span>",OPT-TT9M-,OPT-TT9M-,966.00,1063.00,https://cdn11.bigcommerce.com/s-h4x3egp9by/images/stencil/1280x1280/products/1228/31787/TT9-Basket__44335.1599629969.jpg?c=2
Vent Fire Torch Stainless Steel | The Outdoor Plus,"<span itemprop=""name"">The Outdoor Plus</span>",OPT-TT4M-,OPT-TT4M-,796.00,876.00,https://cdn11.bigcommerce.com/s-h4x3egp9by/images/stencil/1280x1280/products/124/31731/TT4-vent__31998.1599550080.jpg?c=2
Post Cover Square Black,"<span itemprop=""name"">Tempest Torches</span>",94800827,94800827,202.00,,https://cdn11.bigcommerce.com/s-h4x3egp9by/images/stencil/1280x1280/products/11117/47335/RockyMountainStove_3087_2021.07.13__81585__74838.1672753267.jpg?c=2
Gothic Fire Torch Stainless Steel | The Outdoor Plus,"<span itemprop=""name"">The Outdoor Plus</span>",OPT-TT11M-,OPT-TT11M-,966.00,1063.00,https://cdn11.bigcommerce.com/s-h4x3egp9by/images/stencil/1280x1280/products/291/31796/TT11-Gothic__02343.1599631694.jpg?c=2
Box Weave Fire Torch Stainless Steel | The Outdoor Plus,"<span itemprop=""name"">The Outdoor Plus</span>",OPT-TT16M-,OPT-TT16M-,796.00,876.00,https://cdn11.bigcommerce.com/s-h4x3egp9by/images/stencil/1280x1280/products/918/31734/TT16-Box-Weave__73691.1599552082.jpg?c=2
Ellipse Fire Torch Stainless Steel | The Outdoor Plus,"<span itemprop=""name"">The Outdoor Plus</span>",OPT-TT1M-,OPT-TT1M-,796.00,876.00,https://cdn11.bigcommerce.com/s-h4x3egp9by/images/stencil/1280x1280/products/15001/31715/TT1-Elipse_1__51360.1599542383.jpg?c=2
Tulip Gas Tiki Torch | Fire By Design,"<span itemprop=""name"">Fire by Design</span>",TATTNG,TATTNG,2127.48,,https://cdn11.bigcommerce.com/s-h4x3egp9by/images/stencil/1280x1280/products/19085/47036/tulip-tiki__41647.1667322086.jpg?c=2
Wall Mount 50K Tempest Lantern,"<span itemprop=""name"">Tempest Torches</span>",94800832,94800832,411.00,468.00,https://cdn11.bigcommerce.com/s-h4x3egp9by/images/stencil/1280x1280/products/19160/47379/Wall_Mount_50k_Tempest_Lantern__46028.1673306110.jpg?c=2
Shotgun Fire Torch Stainless Steel | The Outdoor Plus,"<span itemprop=""name"">The Outdoor Plus</span>",OPT-TT22M-,OPT-TT22M-,704.00,775.00,https://cdn11.bigcommerce.com/s-h4x3egp9by/images/stencil/1280x1280/products/15008/31760/Shotgun-Blast-Style-Fire-Torch__30589.1599567298.jpg?c=2
Wall Mount 20K Tempest Lantern,"<span itemprop=""name"">Tempest Torches</span>",94800831,94800831,454.00,,https://cdn11.bigcommerce.com/s-h4x3egp9by/images/stencil/1280x1280/products/15088/47380/Wall-Mount-20k-Tempest-Lantern__14921.1673308452.jpg?c=2
Globe Fire Torch Stainless Steel | The Outdoor Plus,"<span itemprop=""name"">The Outdoor Plus</span>",OPT-TT2M-,OPT-TT2M-,1182.00,1301.00,https://cdn11.bigcommerce.com/s-h4x3egp9by/images/stencil/1280x1280/products/15002/31718/TT2-Globe__09965.1599544860.jpg?c=2
Deck Mount,"<span itemprop=""name"">Tempest Torches</span>",94800821,94800821,228.00,,https://cdn11.bigcommerce.com/s-h4x3egp9by/images/stencil/1280x1280/products/19799/49812/94800821__23263.1718304866.jpg?c=2
Malumai Gas Tiki Torch | Fire By Design,"<span itemprop=""name"">Fire by Design</span>",MATTNG,MATTNG,2322.48,2444.72,https://cdn11.bigcommerce.com/s-h4x3egp9by/images/stencil/1280x1280/products/19084/47027/malumai-tiki__87005.1667320262.jpg?c=2
Tiki Torch Deck Mount | Fire By Design,"<span itemprop=""name"">Fire by Design</span>",TDM,TDM,206.23,217.08,https://cdn11.bigcommerce.com/s-h4x3egp9by/images/stencil/1280x1280/products/19081/47007/FBD_Tiki_Torch_Deck_Mount_1_1024x10242x__95307.1667289223.jpg?c=2
Pillar Mount,"<span itemprop=""name"">Tempest Torches</span>",94800826,94800826,202.00,,https://cdn11.bigcommerce.com/s-h4x3egp9by/images/stencil/1280x1280/products/11115/20751/tempest-torch-mounting-pillar__46561.1575394866.jpg?c=2
Flower Fire Torch Stainless Steel | The Outdoor Plus,"<span itemprop=""name"">The Outdoor Plus</span>",OPT-TT8M-,OPT-TT8M-,1182.00,1301.00,https://cdn11.bigcommerce.com/s-h4x3egp9by/images/stencil/1280x1280/products/154/31782/gfargfv__76434.1599627184.jpg?c=2
20K Tempest Lantern,"<span itemprop=""name"">Tempest Torches</span>",949007x6,949007x6,1526.00,,https://cdn11.bigcommerce.com/s-h4x3egp9by/images/stencil/1280x1280/products/15096/32164/tempest-lantern-gas-torch-wall-mount-web__84959.1600137066.1280.1280__07933.1672786133.jpg?c=2
Tropical Fire Torch Stainless Steel | The Outdoor Plus,"<span itemprop=""name"">The Outdoor Plus</span>",OPT-TT13M-,OPT-TT13M-,966.00,1063.00,https://cdn11.bigcommerce.com/s-h4x3egp9by/images/stencil/1280x1280/products/1518/31808/TT12-Tropical__98683.1599644583.jpg?c=2
Wall Mount 20K Tempest Torch,"<span itemprop=""name"">Tempest Torches</span>",94800825,94800825,414.00,,https://cdn11.bigcommerce.com/s-h4x3egp9by/images/stencil/1280x1280/products/11114/20749/tempest-torch-mounting-wall__94910.1575312422.jpg?c=2
Deck Post Mounting Plate | The Outdoor Plus,"<span itemprop=""name"">The Outdoor Plus</span>",OPT-TTDP,OPT-TTDP,124.00,137.00,https://cdn11.bigcommerce.com/s-h4x3egp9by/images/stencil/1280x1280/products/15019/31822/Top-Torch-Desk-Post-Anchor__27516.1599715080.jpg?c=2
Sunshine Fire Torch Stainless Steel | The Outdoor Plus,"<span itemprop=""name"">The Outdoor Plus</span>",OPT-TT23M-,OPT-TT23M-,704.00,775.00,https://cdn11.bigcommerce.com/s-h4x3egp9by/images/stencil/1280x1280/products/15012/31792/Sunshine-Style-Fire-Torch_1__00785.1599631377.jpg?c=2
24v Transformer,"<span itemprop=""name"">Tempest Torches</span>",94800830,94800830,306.00,,https://cdn11.bigcommerce.com/s-h4x3egp9by/images/stencil/1280x1280/products/11104/47386/primary_image_standard__23696__47274.1673578219.jpg?c=2
In Ground Post,"<span itemprop=""name"">Tempest Torches</span>",94800813,94800813,302.00,,https://cdn11.bigcommerce.com/s-h4x3egp9by/images/stencil/1280x1280/products/11116/47336/RockyMountainStove_3094_2021.07.13__46846__68974.1672779301.jpg?c=2
Plumeria Gas Tiki Torch | Fire By Design,"<span itemprop=""name"">Fire by Design</span>",PTTNG,PTTNG,1116.43,1175.19,https://cdn11.bigcommerce.com/s-h4x3egp9by/images/stencil/1280x1280/products/19088/47061/plumeria-tiki__23548.1667335333.jpg?c=2
Torjan Fire Torch Stainless Steel | The Outdoor Plus,"<span itemprop=""name"">The Outdoor Plus</span>",OPT-TT3M-,OPT-TT3M-,966.00,1063.00,https://cdn11.bigcommerce.com/s-h4x3egp9by/images/stencil/1280x1280/products/221/31721/TT3-Trojan__36418.1599547257.jpg?c=2
Cubist Fire Torch Stainless Steel | The Outdoor Plus,"<span itemprop=""name"">The Outdoor Plus</span>",OPT-TT19M-,OPT-TT19M-,704.00,775.00,https://cdn11.bigcommerce.com/s-h4x3egp9by/images/stencil/1280x1280/products/15005/31747/Cubist-Style-Fire-Torch__00285.1599562051.jpg?c=2
Coral Fire Torch Stainless Steel | The Outdoor Plus,"<span itemprop=""name"">The Outdoor Plus</span>",OPT-TT17M-,OPT-TT17M-,704.00,775.00,https://cdn11.bigcommerce.com/s-h4x3egp9by/images/stencil/1280x1280/products/1378/31739/Coral-Style-Fire-Torch_1__81796.1599556602.jpg?c=2
Lantern Fire Torch Stainless Steel | The Outdoor Plus,"<span itemprop=""name"">The Outdoor Plus</span>",OPT-TT6M-,OPT-TT6M-,966.00,1063.00,https://cdn11.bigcommerce.com/s-h4x3egp9by/images/stencil/1280x1280/products/608/31759/TT6-Lanter__53937.1599566797.jpg?c=2
Honeycomb Fire Torch Stainless Steel | The Outdoor Plus,"<span itemprop=""name"">The Outdoor Plus</span>",OPT-TT14M-,OPT-TT14M-,796.00,876.00,https://cdn11.bigcommerce.com/s-h4x3egp9by/images/stencil/1280x1280/products/283/31725/TT14-Honeycomb__49283.1599547822.jpg?c=2
Copper Cone Tiki Torch | Fire By Design,"<span itemprop=""name"">Fire by Design</span>",CCTTNG,CCTTNG,886.77,933.44,https://cdn11.bigcommerce.com/s-h4x3egp9by/images/stencil/1280x1280/products/19082/47011/copper-tiki__26729.1667294299.jpg?c=2
Shooting Star Fire Torch Stainless Steel | The Outdoor Plus,"<span itemprop=""name"">The Outdoor Plus</span>",OPT-TT21M-,OPT-TT21M-,704.00,775.00,https://cdn11.bigcommerce.com/s-h4x3egp9by/images/stencil/1280x1280/products/15007/31754/Shooting-Star-Style-Fire-Torch__56638.1599565679.jpg?c=2
Post,"<span itemprop=""name"">Tempest Torches</span>",94800812,94800812,288.00,,https://cdn11.bigcommerce.com/s-h4x3egp9by/images/stencil/1280x1280/products/19164/49810/94800812__51649.1718304544.jpg?c=2
Diamond Plate Fire Torch Stainless Steel | The Outdoor Plus,"<span itemprop=""name"">The Outdoor Plus</span>",OPT-TT18M-,OPT-TT18M-,704.00,775.00,https://cdn11.bigcommerce.com/s-h4x3egp9by/images/stencil/1280x1280/products/15003/31741/Diamond-Plate-Style-Fire-Torch__24615.1599558630.jpg?c=2
Hercules Fire Torch Stainless Steel | The Outdoor Plus,"<span itemprop=""name"">The Outdoor Plus</span>",OPT-TT5M-,OPT-TT5M-,966.00,1063.00,https://cdn11.bigcommerce.com/s-h4x3egp9by/images/stencil/1280x1280/products/1195/47332/TT5-Hercules__45052__03162.1672296329.jpg?c=2
Urn Fire Torch Stainless Steel | The Outdoor Plus,"<span itemprop=""name"">The Outdoor Plus</span>",OPT-TT10M-,OPT-TT10M-,1182.00,1301.00,https://cdn11.bigcommerce.com/s-h4x3egp9by/images/stencil/1280x1280/products/899/31790/TT10-Urn__59409.1599630956.jpg?c=2
Spiral Fire Torch Stainless Steel | The Outdoor Plus,"<span itemprop=""name"">The Outdoor Plus</span>",OPT-TT12M-,OPT-TT12M-,796.00,876.00,https://cdn11.bigcommerce.com/s-h4x3egp9by/images/stencil/1280x1280/products/183/31805/TT13-Spiral_1__95483.1599638291.jpg?c=2
Black Cone Tiki Torch | Fire By Design,"<span itemprop=""name"">Fire by Design</span>",BCTTNG,BCTTNG,933.85,983.00,https://cdn11.bigcommerce.com/s-h4x3egp9by/images/stencil/1280x1280/products/19078/46998/bctt-ls-b-04-20__10667.1667228708.jpg?c=2
Tiki Fire Torch Stainless Steel | The Outdoor Plus,"<span itemprop=""name"">The Outdoor Plus</span>",OPT-TT25M-,OPT-TT25M-,704.00,775.00,https://cdn11.bigcommerce.com/s-h4x3egp9by/images/stencil/1280x1280/products/15014/31801/Tiki-Style-Fire-Torch__50850.1599634007.jpg?c=2
Bird of Paradise Gas Tiki Torch | Fire By Design,"<span itemprop=""name"">Fire by Design</span>",BOPTTNG,BOPTTNG,1116.43,1175.19,https://cdn11.bigcommerce.com/s-h4x3egp9by/images/stencil/1280x1280/products/19086/47043/bop-tiki__85471.1667324420.jpg?c=2
Hawi Fire Torch Stainless Steel | The Outdoor Plus,"<span itemprop=""name"">The Outdoor Plus</span>",OPT-TT20M-,OPT-TT20M-,704.00,775.00,https://cdn11.bigcommerce.com/s-h4x3egp9by/images/stencil/1280x1280/products/15006/31749/Hawi-Style-Fire-Torch__37425.1599564406.jpg?c=2
Gulf Gas Tiki Torch | Fire By Design,"<span itemprop=""name"">Fire by Design</span>",GATTNG,GATTNG,1695.84,1785.09,https://cdn11.bigcommerce.com/s-h4x3egp9by/images/stencil/1280x1280/products/19083/47017/gulf-tiki__54155.1667315577.jpg?c=2
Black Aluminum Powder Coated Torch Pole  | Fire By Design,"<span itemprop=""name"">Fire by Design</span>",APC,APC,270.49,284.73,https://cdn11.bigcommerce.com/s-h4x3egp9by/images/stencil/1280x1280/products/19079/47333/Untitled__72607__21817.1672309888.jpg?c=2
Bamboo Gas Tiki Torch | Fire By Design,"<span itemprop=""name"">Fire by Design</span>",BTTNG,BTTNG,1116.43,1175.19,https://cdn11.bigcommerce.com/s-h4x3egp9by/images/stencil/1280x1280/products/19087/47053/bamboo-tiki__72477.1667327435.jpg?c=2
Tangled Fire Torch Stainless Steel | The Outdoor Plus,"<span itemprop=""name"">The Outdoor Plus</span>",OPT-TT24M-,OPT-TT24M-,704.00,775.00,https://cdn11.bigcommerce.com/s-h4x3egp9by/images/stencil/1280x1280/products/15013/31798/Tangled-Style-Fire-Torch__29830.1599632711.jpg?c=2
